team_name,team_abbrev,player_name,position_name,depth_label,status,player_url,section_title
Atlanta Hawks,atl,Trae Young,PG,Starter,,https://www.espn.com/nba/player/_/id/4277905/trae-young,Depth Chart
Atlanta Hawks,atl,Terance Mann,PG,2nd,,https://www.espn.com/nba/player/_/id/3907823/terance-mann,Depth Chart
Atlanta Hawks,atl,Dyson Daniels,SG,Starter,,https://www.espn.com/nba/player/_/id/4869342/dyson-daniels,Depth Chart
Atlanta Hawks,atl,Caris LeVert,SG,2nd,,https://www.espn.com/nba/player/_/id/2991043/caris-levert,Depth Chart
Atlanta Hawks,atl,Vit Krejci,SF,2nd,,https://www.espn.com/nba/player/_/id/4578893/vit-krejci,Depth Chart
Atlanta Hawks,atl,Garrison Mathews,SG,4th,,https://www.espn.com/nba/player/_/id/3913180/garrison-mathews,Depth Chart
Atlanta Hawks,atl,Zaccharie Risacher,SF,Starter,,https://www.espn.com/nba/player/_/id/5211175/zaccharie-risacher,Depth Chart
Atlanta Hawks,atl,Georges Niang,PF,2nd,,https://www.espn.com/nba/player/_/id/2990969/georges-niang,Depth Chart
Atlanta Hawks,atl,Mouhamed Gueye,PF,Starter,,https://www.espn.com/nba/player/_/id/4712863/mouhamed-gueye,Depth Chart
Atlanta Hawks,atl,Dominick Barlow,C,2nd,,https://www.espn.com/nba/player/_/id/4870562/dominick-barlow,Depth Chart
Atlanta Hawks,atl,Onyeka Okongwu,C,Starter,,https://www.espn.com/nba/player/_/id/4431680/onyeka-okongwu,Depth Chart
Atlanta Hawks,atl,Clint Capela,C,4th,O,https://www.espn.com/nba/player/_/id/3102529/clint-capela,Depth Chart
Atlanta Hawks,atl,Larry Nance Jr.,C,5th,O,https://www.espn.com/nba/player/_/id/2580365/larry-nance-jr,Depth Chart
Boston Celtics,bos,Derrick White,PG,Starter,,https://www.espn.com/nba/player/_/id/3078576/derrick-white,Depth Chart
Boston Celtics,bos,Jrue Holiday,SG,Starter,,https://www.espn.com/nba/player/_/id/3995/jrue-holiday,Depth Chart
Boston Celtics,bos,Payton Pritchard,SG,2nd,,https://www.espn.com/nba/player/_/id/4066354/payton-pritchard,Depth Chart
Boston Celtics,bos,JD Davison,PG,4th,,https://www.espn.com/nba/player/_/id/4576085/jd-davison,Depth Chart
Boston Celtics,bos,Jaylen Brown,SF,Starter,O,https://www.espn.com/nba/player/_/id/3917376/jaylen-brown,Depth Chart
Boston Celtics,bos,Baylor Scheierman,SF,3rd,,https://www.espn.com/nba/player/_/id/4593841/baylor-scheierman,Depth Chart
Boston Celtics,bos,Sam Hauser,SF,2nd,,https://www.espn.com/nba/player/_/id/4065804/sam-hauser,Depth Chart
Boston Celtics,bos,Jordan Walsh,SF,4th,,https://www.espn.com/nba/player/_/id/4683689/jordan-walsh,Depth Chart
Boston Celtics,bos,Torrey Craig,SF,5th,,https://www.espn.com/nba/player/_/id/2528693/torrey-craig,Depth Chart
Boston Celtics,bos,Al Horford,PF,Starter,,https://www.espn.com/nba/player/_/id/3213/al-horford,Depth Chart
Boston Celtics,bos,Kristaps Porzingis,C,Starter,,https://www.espn.com/nba/player/_/id/3102531/kristaps-porzingis,Depth Chart
Boston Celtics,bos,Xavier Tillman,PF,4th,,https://www.espn.com/nba/player/_/id/4277964/xavier-tillman,Depth Chart
Boston Celtics,bos,Luke Kornet,C,2nd,,https://www.espn.com/nba/player/_/id/3064560/luke-kornet,Depth Chart
Boston Celtics,bos,Neemias Queta,C,4th,,https://www.espn.com/nba/player/_/id/4397424/neemias-queta,Depth Chart
Brooklyn Nets,bkn,D'Angelo Russell,PG,Starter,O,https://www.espn.com/nba/player/_/id/3136776/dangelo-russell,Depth Chart
Brooklyn Nets,bkn,Keon Johnson,SG,Starter,,https://www.espn.com/nba/player/_/id/4432192/keon-johnson,Depth Chart
Brooklyn Nets,bkn,Reece Beekman,PG,3rd,O,https://www.espn.com/nba/player/_/id/4432187/reece-beekman,Depth Chart
Brooklyn Nets,bkn,Tyson Etienne,PG,4th,,https://www.espn.com/nba/player/_/id/4432887/tyson-etienne,Depth Chart
Brooklyn Nets,bkn,Cam Thomas,PG,5th,O,https://www.espn.com/nba/player/_/id/4432174/cam-thomas,Depth Chart
Brooklyn Nets,bkn,Dariq Whitehead,SG,2nd,,https://www.espn.com/nba/player/_/id/4432735/dariq-whitehead,Depth Chart
Brooklyn Nets,bkn,Tyrese Martin,SG,3rd,,https://www.espn.com/nba/player/_/id/4397179/tyrese-martin,Depth Chart
Brooklyn Nets,bkn,Jalen Wilson,SG,4th,,https://www.espn.com/nba/player/_/id/4431714/jalen-wilson,Depth Chart
Brooklyn Nets,bkn,Ziaire Williams,SF,Starter,O,https://www.espn.com/nba/player/_/id/4433137/ziaire-williams,Depth Chart
Brooklyn Nets,bkn,Maxwell Lewis,SF,2nd,,https://www.espn.com/nba/player/_/id/4684286/maxwell-lewis,Depth Chart
Brooklyn Nets,bkn,Tosan Evbuomwan,SF,3rd,,https://www.espn.com/nba/player/_/id/4597865/tosan-evbuomwan,Depth Chart
Brooklyn Nets,bkn,Cameron Johnson,PF,Starter,O,https://www.espn.com/nba/player/_/id/3138196/cameron-johnson,Depth Chart
Brooklyn Nets,bkn,Trendon Watford,PF,2nd,,https://www.espn.com/nba/player/_/id/4431675/trendon-watford,Depth Chart
Brooklyn Nets,bkn,Drew Timme,C,3rd,,https://www.espn.com/nba/player/_/id/4431695/drew-timme,Depth Chart
Brooklyn Nets,bkn,Nic Claxton,C,Starter,,https://www.espn.com/nba/player/_/id/4278067/nic-claxton,Depth Chart
Brooklyn Nets,bkn,Day'Ron Sharpe,C,2nd,O,https://www.espn.com/nba/player/_/id/4432194/dayron-sharpe,Depth Chart
Brooklyn Nets,bkn,Noah Clowney,C,5th,O,https://www.espn.com/nba/player/_/id/4712896/noah-clowney,Depth Chart
Charlotte Hornets,cha,KJ Simpson,PG,Starter,,https://www.espn.com/nba/player/_/id/4683834/kj-simpson,Depth Chart
Charlotte Hornets,cha,Damion Baugh,PG,2nd,,https://www.espn.com/nba/player/_/id/4431766/damion-baugh,Depth Chart
Charlotte Hornets,cha,Jaylen Sims,PG,3rd,,https://www.espn.com/nba/player/_/id/4397570/jaylen-sims,Depth Chart
Charlotte Hornets,cha,Nick Smith Jr.,SG,Starter,O,https://www.espn.com/nba/player/_/id/4683686/nick-smith-jr,Depth Chart
Charlotte Hornets,cha,Wendell Moore Jr.,PF,3rd,,https://www.espn.com/nba/player/_/id/4592187/wendell-moore-jr,Depth Chart
Charlotte Hornets,cha,Seth Curry,SG,2nd,,https://www.espn.com/nba/player/_/id/2326307/seth-curry,Depth Chart
Charlotte Hornets,cha,Josh Green,SF,Starter,O,https://www.espn.com/nba/player/_/id/4432811/josh-green,Depth Chart
Charlotte Hornets,cha,Josh Okogie,SF,3rd,,https://www.espn.com/nba/player/_/id/4065663/josh-okogie,Depth Chart
Charlotte Hornets,cha,DaQuan Jeffries,SF,2nd,,https://www.espn.com/nba/player/_/id/3913220/daquan-jeffries,Depth Chart
Charlotte Hornets,cha,Miles Bridges,PF,Starter,O,https://www.espn.com/nba/player/_/id/4066383/miles-bridges,Depth Chart
Charlotte Hornets,cha,Tidjane Salaun,PF,2nd,,https://www.espn.com/nba/player/_/id/5211176/tidjane-salaun,Depth Chart
Charlotte Hornets,cha,Mark Williams,C,Starter,,https://www.espn.com/nba/player/_/id/4701232/mark-williams,Depth Chart
Charlotte Hornets,cha,Jusuf Nurkic,C,2nd,,https://www.espn.com/nba/player/_/id/3102530/jusuf-nurkic,Depth Chart
Charlotte Hornets,cha,Moussa Diabate,C,3rd,,https://www.espn.com/nba/player/_/id/4433249/moussa-diabate,Depth Chart
Charlotte Hornets,cha,Taj Gibson,C,4th,,https://www.espn.com/nba/player/_/id/3986/taj-gibson,Depth Chart
Chicago Bulls,chi,Josh Giddey,PG,Starter,,https://www.espn.com/nba/player/_/id/4871145/josh-giddey,Depth Chart
Chicago Bulls,chi,Tre Jones,PG,2nd,O,https://www.espn.com/nba/player/_/id/4395626/tre-jones,Depth Chart
Chicago Bulls,chi,Coby White,SF,Starter,,https://www.espn.com/nba/player/_/id/4395651/coby-white,Depth Chart
Chicago Bulls,chi,Jevon Carter,PG,4th,,https://www.espn.com/nba/player/_/id/3133635/jevon-carter,Depth Chart
Chicago Bulls,chi,Talen Horton-Tucker,PG,5th,,https://www.espn.com/nba/player/_/id/4396991/talen-horton-tucker,Depth Chart
Chicago Bulls,chi,Lonzo Ball,SG,Starter,O,https://www.espn.com/nba/player/_/id/4066421/lonzo-ball,Depth Chart
Chicago Bulls,chi,Kevin Huerter,SG,2nd,,https://www.espn.com/nba/player/_/id/4066372/kevin-huerter,Depth Chart
Chicago Bulls,chi,Dalen Terry,SF,2nd,,https://www.espn.com/nba/player/_/id/4433159/dalen-terry,Depth Chart
Chicago Bulls,chi,Julian Phillips,SF,3rd,,https://www.espn.com/nba/player/_/id/5105553/julian-phillips,Depth Chart
Chicago Bulls,chi,Matas Buzelis,PF,Starter,,https://www.espn.com/nba/player/_/id/4711294/matas-buzelis,Depth Chart
Chicago Bulls,chi,Patrick Williams,PF,2nd,,https://www.espn.com/nba/player/_/id/4431687/patrick-williams,Depth Chart
Chicago Bulls,chi,Zach Collins,C,2nd,,https://www.espn.com/nba/player/_/id/4066650/zach-collins,Depth Chart
Chicago Bulls,chi,Nikola Vucevic,C,Starter,,https://www.espn.com/nba/player/_/id/6478/nikola-vucevic,Depth Chart
Chicago Bulls,chi,Jalen Smith,C,3rd,,https://www.espn.com/nba/player/_/id/4397189/jalen-smith,Depth Chart
Chicago Bulls,chi,E.J. Liddell,C,4th,,https://www.espn.com/nba/player/_/id/4432821/ej-liddell,Depth Chart
Cleveland Cavaliers,cle,Darius Garland,PG,Starter,O,https://www.espn.com/nba/player/_/id/4396907/darius-garland,Depth Chart
Cleveland Cavaliers,cle,Ty Jerome,PG,2nd,,https://www.espn.com/nba/player/_/id/4065733/ty-jerome,Depth Chart
Cleveland Cavaliers,cle,Donovan Mitchell,SG,Starter,,https://www.espn.com/nba/player/_/id/3908809/donovan-mitchell,Depth Chart
Cleveland Cavaliers,cle,Craig Porter Jr.,PG,4th,,https://www.espn.com/nba/player/_/id/4701233/craig-porter-jr,Depth Chart
Cleveland Cavaliers,cle,Emoni Bates,PG,5th,,https://www.espn.com/nba/player/_/id/4433620/emoni-bates,Depth Chart
Cleveland Cavaliers,cle,Sam Merrill,SG,2nd,O,https://www.espn.com/nba/player/_/id/4066757/sam-merrill,Depth Chart
Cleveland Cavaliers,cle,Max Strus,SF,Starter,,https://www.espn.com/nba/player/_/id/4065778/max-strus,Depth Chart
Cleveland Cavaliers,cle,Isaac Okoro,SF,3rd,,https://www.espn.com/nba/player/_/id/4432822/isaac-okoro,Depth Chart
Cleveland Cavaliers,cle,Jaylon Tyson,SG,5th,,https://www.espn.com/nba/player/_/id/4683747/jaylon-tyson,Depth Chart
Cleveland Cavaliers,cle,De'Andre Hunter,SF,2nd,,https://www.espn.com/nba/player/_/id/4065732/deandre-hunter,Depth Chart
Cleveland Cavaliers,cle,Javonte Green,SF,4th,,https://www.espn.com/nba/player/_/id/2596112/javonte-green,Depth Chart
Cleveland Cavaliers,cle,Dean Wade,PF,2nd,,https://www.espn.com/nba/player/_/id/3912848/dean-wade,Depth Chart
Cleveland Cavaliers,cle,Evan Mobley,PF,Starter,,https://www.espn.com/nba/player/_/id/4432158/evan-mobley,Depth Chart
Cleveland Cavaliers,cle,Chuma Okeke,C,4th,,https://www.espn.com/nba/player/_/id/4278052/chuma-okeke,Depth Chart
Cleveland Cavaliers,cle,Jarrett Allen,C,Starter,,https://www.espn.com/nba/player/_/id/4066328/jarrett-allen,Depth Chart
Cleveland Cavaliers,cle,Tristan Thompson,C,3rd,,https://www.espn.com/nba/player/_/id/6474/tristan-thompson,Depth Chart
Dallas Mavericks,dal,Klay Thompson,PG,Starter,,https://www.espn.com/nba/player/_/id/6475/klay-thompson,Depth Chart
Dallas Mavericks,dal,Brandon Williams,PG,2nd,,https://www.espn.com/nba/player/_/id/4397040/brandon-williams,Depth Chart
Dallas Mavericks,dal,Spencer Dinwiddie,PG,3rd,,https://www.espn.com/nba/player/_/id/2580782/spencer-dinwiddie,Depth Chart
Dallas Mavericks,dal,Jaden Hardy,PG,4th,,https://www.espn.com/nba/player/_/id/4868423/jaden-hardy,Depth Chart
Dallas Mavericks,dal,Dante Exum,SF,2nd,,https://www.espn.com/nba/player/_/id/3102528/dante-exum,Depth Chart
Dallas Mavericks,dal,Naji Marshall,SG,Starter,,https://www.espn.com/nba/player/_/id/4278594/naji-marshall,Depth Chart
Dallas Mavericks,dal,Max Christie,SG,2nd,,https://www.espn.com/nba/player/_/id/4432582/max-christie,Depth Chart
Dallas Mavericks,dal,P.J. Washington,SF,Starter,,https://www.espn.com/nba/player/_/id/4278078/pj-washington,Depth Chart
Dallas Mavericks,dal,Anthony Davis,PF,Starter,,https://www.espn.com/nba/player/_/id/6583/anthony-davis,Depth Chart
Dallas Mavericks,dal,Caleb Martin,PF,2nd,,https://www.espn.com/nba/player/_/id/3138160/caleb-martin,Depth Chart
Dallas Mavericks,dal,Olivier-Maxence Prosper,PF,4th,O,https://www.espn.com/nba/player/_/id/4595400/olivier-maxence-prosper,Depth Chart
Dallas Mavericks,dal,Kessler Edwards,PF,5th,,https://www.espn.com/nba/player/_/id/4397693/kessler-edwards,Depth Chart
Dallas Mavericks,dal,Dereck Lively II,C,Starter,,https://www.espn.com/nba/player/_/id/4683688/dereck-lively-ii,Depth Chart
Dallas Mavericks,dal,Daniel Gafford,C,2nd,,https://www.espn.com/nba/player/_/id/4278049/daniel-gafford,Depth Chart
Dallas Mavericks,dal,Kai Jones,C,4th,,https://www.espn.com/nba/player/_/id/4431699/kai-jones,Depth Chart
Dallas Mavericks,dal,Dwight Powell,C,5th,,https://www.espn.com/nba/player/_/id/2531367/dwight-powell,Depth Chart
Denver Nuggets,den,Jamal Murray,PG,Starter,,https://www.espn.com/nba/player/_/id/3936299/jamal-murray,Depth Chart
Denver Nuggets,den,Russell Westbrook,PG,2nd,O,https://www.espn.com/nba/player/_/id/3468/russell-westbrook,Depth Chart
Denver Nuggets,den,Jalen Pickett,PG,3rd,,https://www.espn.com/nba/player/_/id/4398390/jalen-pickett,Depth Chart
Denver Nuggets,den,Christian Braun,SG,Starter,,https://www.espn.com/nba/player/_/id/4431767/christian-braun,Depth Chart
Denver Nuggets,den,Trey Alexander,PG,5th,,https://www.espn.com/nba/player/_/id/4433268/trey-alexander,Depth Chart
Denver Nuggets,den,Julian Strawther,SG,2nd,,https://www.espn.com/nba/player/_/id/4432181/julian-strawther,Depth Chart
Denver Nuggets,den,Michael Porter Jr.,SF,Starter,,https://www.espn.com/nba/player/_/id/4278104/michael-porter-jr,Depth Chart
Denver Nuggets,den,Peyton Watson,PF,2nd,,https://www.espn.com/nba/player/_/id/4576087/peyton-watson,Depth Chart
Denver Nuggets,den,Hunter Tyson,SF,5th,,https://www.espn.com/nba/player/_/id/4395620/hunter-tyson,Depth Chart
Denver Nuggets,den,Aaron Gordon,PF,Starter,,https://www.espn.com/nba/player/_/id/3064290/aaron-gordon,Depth Chart
Denver Nuggets,den,Vlatko Cancar,PF,3rd,,https://www.espn.com/nba/player/_/id/4230557/vlatko-cancar,Depth Chart
Denver Nuggets,den,Zeke Nnaji,PF,4th,,https://www.espn.com/nba/player/_/id/4431690/zeke-nnaji,Depth Chart
Denver Nuggets,den,Nikola Jokic,C,Starter,,https://www.espn.com/nba/player/_/id/3112335/nikola-jokic,Depth Chart
Denver Nuggets,den,DeAndre Jordan,C,3rd,,https://www.espn.com/nba/player/_/id/3442/deandre-jordan,Depth Chart
Detroit Pistons,det,Cade Cunningham,PG,Starter,,https://www.espn.com/nba/player/_/id/4432166/cade-cunningham,Depth Chart
Detroit Pistons,det,Dennis Schroder,PG,2nd,,https://www.espn.com/nba/player/_/id/3032979/dennis-schroder,Depth Chart
Detroit Pistons,det,Marcus Sasser,PG,3rd,,https://www.espn.com/nba/player/_/id/4432107/marcus-sasser,Depth Chart
Detroit Pistons,det,Jaden Ivey,PG,4th,O,https://www.espn.com/nba/player/_/id/4433218/jaden-ivey,Depth Chart
Detroit Pistons,det,Daniss Jenkins,PG,5th,,https://www.espn.com/nba/player/_/id/5107199/daniss-jenkins,Depth Chart
Detroit Pistons,det,Tim Hardaway Jr.,SG,Starter,,https://www.espn.com/nba/player/_/id/2528210/tim-hardaway-jr,Depth Chart
Detroit Pistons,det,Malik Beasley,SG,2nd,,https://www.espn.com/nba/player/_/id/3907822/malik-beasley,Depth Chart
Detroit Pistons,det,Lindy Waters III,PF,3rd,,https://www.espn.com/nba/player/_/id/4066317/lindy-waters-iii,Depth Chart
Detroit Pistons,det,Ausar Thompson,SF,Starter,,https://www.espn.com/nba/player/_/id/4684742/ausar-thompson,Depth Chart
Detroit Pistons,det,Ronald Holland II,SF,2nd,,https://www.espn.com/nba/player/_/id/4683771/ronald-holland-ii,Depth Chart
Detroit Pistons,det,Simone Fontecchio,PF,2nd,,https://www.espn.com/nba/player/_/id/3899664/simone-fontecchio,Depth Chart
Detroit Pistons,det,Tobias Harris,PF,Starter,,https://www.espn.com/nba/player/_/id/6440/tobias-harris,Depth Chart
Detroit Pistons,det,Jalen Duren,C,Starter,,https://www.espn.com/nba/player/_/id/4433621/jalen-duren,Depth Chart
Detroit Pistons,det,Isaiah Stewart,C,2nd,O,https://www.espn.com/nba/player/_/id/4432810/isaiah-stewart,Depth Chart
Detroit Pistons,det,Paul Reed,C,3rd,,https://www.espn.com/nba/player/_/id/4278562/paul-reed,Depth Chart
Detroit Pistons,det,Tolu Smith,C,4th,,https://www.espn.com/nba/player/_/id/4397882/tolu-smith,Depth Chart
Golden State Warriors,gs,Stephen Curry,PG,Starter,O,https://www.espn.com/nba/player/_/id/3975/stephen-curry,Depth Chart
Golden State Warriors,gs,Brandin Podziemski,SG,Starter,O,https://www.espn.com/nba/player/_/id/4709138/brandin-podziemski,Depth Chart
Golden State Warriors,gs,Pat Spencer,PG,3rd,,https://www.espn.com/nba/player/_/id/4592714/pat-spencer,Depth Chart
Golden State Warriors,gs,Moses Moody,SG,2nd,O,https://www.espn.com/nba/player/_/id/4432171/moses-moody,Depth Chart
Golden State Warriors,gs,Taran Armstrong,PG,5th,,https://www.espn.com/nba/player/_/id/4896850/taran-armstrong,Depth Chart
Golden State Warriors,gs,Gary Payton II,SF,2nd,,https://www.espn.com/nba/player/_/id/3134903/gary-payton-ii,Depth Chart
Golden State Warriors,gs,Buddy Hield,SF,Starter,,https://www.espn.com/nba/player/_/id/2990984/buddy-hield,Depth Chart
Golden State Warriors,gs,Gui Santos,SF,4th,,https://www.espn.com/nba/player/_/id/4997536/gui-santos,Depth Chart
Golden State Warriors,gs,Jimmy Butler III,PF,Starter,,https://www.espn.com/nba/player/_/id/6430/jimmy-butler-iii,Depth Chart
Golden State Warriors,gs,Jonathan Kuminga,PF,2nd,,https://www.espn.com/nba/player/_/id/4433247/jonathan-kuminga,Depth Chart
Golden State Warriors,gs,Draymond Green,C,Starter,,https://www.espn.com/nba/player/_/id/6589/draymond-green,Depth Chart
Golden State Warriors,gs,Kevon Looney,C,2nd,,https://www.espn.com/nba/player/_/id/3155535/kevon-looney,Depth Chart
Golden State Warriors,gs,Trayce Jackson-Davis,C,3rd,,https://www.espn.com/nba/player/_/id/4431684/trayce-jackson-davis,Depth Chart
Golden State Warriors,gs,Quinten Post,C,4th,,https://www.espn.com/nba/player/_/id/4593016/quinten-post,Depth Chart
Houston Rockets,hou,Fred VanVleet,PG,Starter,,https://www.espn.com/nba/player/_/id/2991230/fred-vanvleet,Depth Chart
Houston Rockets,hou,Amen Thompson,SF,Starter,,https://www.espn.com/nba/player/_/id/4684740/amen-thompson,Depth Chart
Houston Rockets,hou,Aaron Holiday,PG,3rd,,https://www.espn.com/nba/player/_/id/3922230/aaron-holiday,Depth Chart
Houston Rockets,hou,Reed Sheppard,SG,3rd,,https://www.espn.com/nba/player/_/id/4711272/reed-sheppard,Depth Chart
Houston Rockets,hou,Jalen Green,SG,Starter,,https://www.espn.com/nba/player/_/id/4437244/jalen-green,Depth Chart
Houston Rockets,hou,Dillon Brooks,PF,Starter,,https://www.espn.com/nba/player/_/id/3155526/dillon-brooks,Depth Chart
Houston Rockets,hou,Cam Whitmore,SF,4th,,https://www.espn.com/nba/player/_/id/5105592/cam-whitmore,Depth Chart
Houston Rockets,hou,Tari Eason,SF,2nd,,https://www.espn.com/nba/player/_/id/4433192/tari-eason,Depth Chart
Houston Rockets,hou,Jae'Sean Tate,SF,5th,O,https://www.espn.com/nba/player/_/id/3136777/jaesean-tate,Depth Chart
Houston Rockets,hou,Jabari Smith Jr.,PF,2nd,,https://www.espn.com/nba/player/_/id/4432639/jabari-smith-jr,Depth Chart
Houston Rockets,hou,Jeff Green,PF,4th,,https://www.espn.com/nba/player/_/id/3209/jeff-green,Depth Chart
Houston Rockets,hou,Alperen Sengun,C,Starter,,https://www.espn.com/nba/player/_/id/4871144/alperen-sengun,Depth Chart
Houston Rockets,hou,Steven Adams,C,2nd,,https://www.espn.com/nba/player/_/id/2991235/steven-adams,Depth Chart
Houston Rockets,hou,Jock Landale,C,3rd,O,https://www.espn.com/nba/player/_/id/3146557/jock-landale,Depth Chart
Indiana Pacers,ind,Tyrese Haliburton,PG,Starter,,https://www.espn.com/nba/player/_/id/4396993/tyrese-haliburton,Depth Chart
Indiana Pacers,ind,T.J. McConnell,PG,2nd,,https://www.espn.com/nba/player/_/id/2530530/tj-mcconnell,Depth Chart
Indiana Pacers,ind,Andrew Nembhard,SG,Starter,,https://www.espn.com/nba/player/_/id/4395712/andrew-nembhard,Depth Chart
Indiana Pacers,ind,Ben Sheppard,SG,2nd,,https://www.espn.com/nba/player/_/id/4433076/ben-sheppard,Depth Chart
Indiana Pacers,ind,RayJ Dennis,PG,5th,,https://www.espn.com/nba/player/_/id/4431941/rayj-dennis,Depth Chart
Indiana Pacers,ind,Bennedict Mathurin,SF,2nd,,https://www.espn.com/nba/player/_/id/4683634/bennedict-mathurin,Depth Chart
Indiana Pacers,ind,Johnny Furphy,SG,4th,,https://www.espn.com/nba/player/_/id/5157066/johnny-furphy,Depth Chart
Indiana Pacers,ind,Aaron Nesmith,SF,Starter,,https://www.espn.com/nba/player/_/id/4396909/aaron-nesmith,Depth Chart
Indiana Pacers,ind,Jarace Walker,PF,2nd,O,https://www.espn.com/nba/player/_/id/5106060/jarace-walker,Depth Chart
Indiana Pacers,ind,Pascal Siakam,PF,Starter,,https://www.espn.com/nba/player/_/id/3149673/pascal-siakam,Depth Chart
Indiana Pacers,ind,Obi Toppin,C,2nd,,https://www.espn.com/nba/player/_/id/4278355/obi-toppin,Depth Chart
Indiana Pacers,ind,James Johnson,PF,5th,,https://www.espn.com/nba/player/_/id/3999/james-johnson,Depth Chart
Indiana Pacers,ind,Myles Turner,C,Starter,,https://www.espn.com/nba/player/_/id/3133628/myles-turner,Depth Chart
Indiana Pacers,ind,Tony Bradley,C,3rd,,https://www.espn.com/nba/player/_/id/4065673/tony-bradley,Depth Chart
Indiana Pacers,ind,Thomas Bryant,C,4th,,https://www.espn.com/nba/player/_/id/3934723/thomas-bryant,Depth Chart
Los Angeles Clippers,lac,James Harden,PG,Starter,,https://www.espn.com/nba/player/_/id/3992/james-harden,Depth Chart
Los Angeles Clippers,lac,Kris Dunn,SG,Starter,,https://www.espn.com/nba/player/_/id/2991139/kris-dunn,Depth Chart
Los Angeles Clippers,lac,Ben Simmons,C,2nd,,https://www.espn.com/nba/player/_/id/3907387/ben-simmons,Depth Chart
Los Angeles Clippers,lac,Patty Mills,PG,4th,,https://www.espn.com/nba/player/_/id/4004/patty-mills,Depth Chart
Los Angeles Clippers,lac,Norman Powell,SF,Starter,,https://www.espn.com/nba/player/_/id/2595516/norman-powell,Depth Chart
Los Angeles Clippers,lac,Bogdan Bogdanovic,SG,2nd,,https://www.espn.com/nba/player/_/id/3037789/bogdan-bogdanovic,Depth Chart
Los Angeles Clippers,lac,Amir Coffey,SF,3rd,,https://www.espn.com/nba/player/_/id/4066387/amir-coffey,Depth Chart
Los Angeles Clippers,lac,Jordan Miller,SG,5th,,https://www.espn.com/nba/player/_/id/4396818/jordan-miller,Depth Chart
Los Angeles Clippers,lac,Derrick Jones Jr.,SF,2nd,,https://www.espn.com/nba/player/_/id/3936099/derrick-jones-jr,Depth Chart
Los Angeles Clippers,lac,Kawhi Leonard,PF,Starter,,https://www.espn.com/nba/player/_/id/6450/kawhi-leonard,Depth Chart
Los Angeles Clippers,lac,Nicolas Batum,PF,2nd,,https://www.espn.com/nba/player/_/id/3416/nicolas-batum,Depth Chart
Los Angeles Clippers,lac,Kobe Brown,PF,5th,,https://www.espn.com/nba/player/_/id/4431752/kobe-brown,Depth Chart
Los Angeles Clippers,lac,Ivica Zubac,C,Starter,,https://www.espn.com/nba/player/_/id/4017837/ivica-zubac,Depth Chart
Los Angeles Clippers,lac,Drew Eubanks,C,4th,,https://www.espn.com/nba/player/_/id/3914285/drew-eubanks,Depth Chart
Los Angeles Lakers,lal,Luka Doncic,PG,Starter,,https://www.espn.com/nba/player/_/id/3945274/luka-doncic,Depth Chart
Los Angeles Lakers,lal,Gabe Vincent,PG,2nd,,https://www.espn.com/nba/player/_/id/3137259/gabe-vincent,Depth Chart
Los Angeles Lakers,lal,Austin Reaves,SG,Starter,,https://www.espn.com/nba/player/_/id/4066457/austin-reaves,Depth Chart
Los Angeles Lakers,lal,Shake Milton,PG,4th,,https://www.espn.com/nba/player/_/id/3915195/shake-milton,Depth Chart
Los Angeles Lakers,lal,Jordan Goodwin,SG,2nd,,https://www.espn.com/nba/player/_/id/4278402/jordan-goodwin,Depth Chart
Los Angeles Lakers,lal,Dalton Knecht,SG,3rd,,https://www.espn.com/nba/player/_/id/4897943/dalton-knecht,Depth Chart
Los Angeles Lakers,lal,Rui Hachimura,SF,Starter,,https://www.espn.com/nba/player/_/id/4066648/rui-hachimura,Depth Chart
Los Angeles Lakers,lal,LeBron James,PF,Starter,,https://www.espn.com/nba/player/_/id/1966/lebron-james,Depth Chart
Los Angeles Lakers,lal,Dorian Finney-Smith,C,Starter,O,https://www.espn.com/nba/player/_/id/2578185/dorian-finney-smith,Depth Chart
Los Angeles Lakers,lal,Jarred Vanderbilt,PF,2nd,,https://www.espn.com/nba/player/_/id/4278077/jarred-vanderbilt,Depth Chart
Los Angeles Lakers,lal,Maxi Kleber,C,2nd,,https://www.espn.com/nba/player/_/id/2960236/maxi-kleber,Depth Chart
Los Angeles Lakers,lal,Jaxson Hayes,C,3rd,,https://www.espn.com/nba/player/_/id/4397077/jaxson-hayes,Depth Chart
Los Angeles Lakers,lal,Alex Len,C,4th,,https://www.espn.com/nba/player/_/id/2596107/alex-len,Depth Chart
Memphis Grizzlies,mem,Ja Morant,PG,Starter,O,https://www.espn.com/nba/player/_/id/4279888/ja-morant,Depth Chart
Memphis Grizzlies,mem,Scotty Pippen Jr.,PG,2nd,,https://www.espn.com/nba/player/_/id/4431785/scotty-pippen-jr,Depth Chart
Memphis Grizzlies,mem,Cole Anthony,PG,3rd,,https://www.espn.com/nba/player/_/id/4432809/cole-anthony,Depth Chart
Memphis Grizzlies,mem,Luke Kennard,PG,4th,,https://www.espn.com/nba/player/_/id/3913174/luke-kennard,Depth Chart
Memphis Grizzlies,mem,Yuki Kawamura,PG,5th,,https://www.espn.com/nba/player/_/id/5159895/yuki-kawamura,Depth Chart
Memphis Grizzlies,mem,Kentavious Caldwell-Pope,SG,Starter,,https://www.espn.com/nba/player/_/id/2581018/kentavious-caldwell-pope,Depth Chart
Memphis Grizzlies,mem,Vince Williams Jr.,SF,2nd,,https://www.espn.com/nba/player/_/id/4397227/vince-williams-jr,Depth Chart
Memphis Grizzlies,mem,Santi Aldama,SF,Starter,,https://www.espn.com/nba/player/_/id/4593125/santi-aldama,Depth Chart
Memphis Grizzlies,mem,John Konchar,SF,3rd,,https://www.espn.com/nba/player/_/id/3134932/john-konchar,Depth Chart
Memphis Grizzlies,mem,Jaren Jackson Jr.,PF,Starter,,https://www.espn.com/nba/player/_/id/4277961/jaren-jackson-jr,Depth Chart
Memphis Grizzlies,mem,Lamar Stevens,PF,3rd,,https://www.espn.com/nba/player/_/id/4066405/lamar-stevens,Depth Chart
Memphis Grizzlies,mem,GG Jackson,PF,4th,,https://www.espn.com/nba/player/_/id/5105550/gg-jackson,Depth Chart
Memphis Grizzlies,mem,Zach Edey,C,Starter,O,https://www.espn.com/nba/player/_/id/4600663/zach-edey,Depth Chart
Memphis Grizzlies,mem,Marvin Bagley III,C,3rd,,https://www.espn.com/nba/player/_/id/4277848/marvin-bagley-iii,Depth Chart
Memphis Grizzlies,mem,Jay Huff,C,5th,,https://www.espn.com/nba/player/_/id/4065731/jay-huff,Depth Chart
Miami Heat,mia,Tyler Herro,PG,Starter,,https://www.espn.com/nba/player/_/id/4395725/tyler-herro,Depth Chart
Miami Heat,mia,Davion Mitchell,SG,Starter,,https://www.espn.com/nba/player/_/id/4278053/davion-mitchell,Depth Chart
Miami Heat,mia,Terry Rozier,PG,3rd,O,https://www.espn.com/nba/player/_/id/3074752/terry-rozier,Depth Chart
Miami Heat,mia,Alec Burks,PG,4th,,https://www.espn.com/nba/player/_/id/6429/alec-burks,Depth Chart
Miami Heat,mia,Duncan Robinson,SG,2nd,,https://www.espn.com/nba/player/_/id/3157465/duncan-robinson,Depth Chart
Miami Heat,mia,Pelle Larsson,SG,3rd,,https://www.espn.com/nba/player/_/id/4601025/pelle-larsson,Depth Chart
Miami Heat,mia,Jaime Jaquez Jr.,SG,5th,,https://www.espn.com/nba/player/_/id/4432848/jaime-jaquez-jr,Depth Chart
Miami Heat,mia,Andrew Wiggins,SF,Starter,,https://www.espn.com/nba/player/_/id/3059319/andrew-wiggins,Depth Chart
Miami Heat,mia,Haywood Highsmith,SF,2nd,,https://www.espn.com/nba/player/_/id/4291678/haywood-highsmith,Depth Chart
Miami Heat,mia,Bam Adebayo,PF,Starter,,https://www.espn.com/nba/player/_/id/4066261/bam-adebayo,Depth Chart
Miami Heat,mia,Nikola Jovic,PF,2nd,,https://www.espn.com/nba/player/_/id/4997528/nikola-jovic,Depth Chart
Miami Heat,mia,Kyle Anderson,PF,4th,,https://www.espn.com/nba/player/_/id/2993874/kyle-anderson,Depth Chart
Miami Heat,mia,Kel'el Ware,C,Starter,,https://www.espn.com/nba/player/_/id/5105623/kelel-ware,Depth Chart
Miami Heat,mia,Kevin Love,C,4th,,https://www.espn.com/nba/player/_/id/3449/kevin-love,Depth Chart
Milwaukee Bucks,mil,Kevin Porter Jr.,PG,Starter,,https://www.espn.com/nba/player/_/id/4397140/kevin-porter-jr,Depth Chart
Milwaukee Bucks,mil,Ryan Rollins,PG,2nd,,https://www.espn.com/nba/player/_/id/4591725/ryan-rollins,Depth Chart
Milwaukee Bucks,mil,AJ Green,SG,2nd,,https://www.espn.com/nba/player/_/id/4397475/aj-green,Depth Chart
Milwaukee Bucks,mil,Andre Jackson Jr.,PG,4th,,https://www.espn.com/nba/player/_/id/4432190/andre-jackson-jr,Depth Chart
Milwaukee Bucks,mil,Jamaree Bouyea,PG,5th,,https://www.espn.com/nba/player/_/id/4280245/jamaree-bouyea,Depth Chart
Milwaukee Bucks,mil,Gary Trent Jr.,SG,Starter,,https://www.espn.com/nba/player/_/id/4277843/gary-trent-jr,Depth Chart
Milwaukee Bucks,mil,Taurean Prince,SF,2nd,,https://www.espn.com/nba/player/_/id/2990962/taurean-prince,Depth Chart
Milwaukee Bucks,mil,Kyle Kuzma,SF,Starter,,https://www.espn.com/nba/player/_/id/3134907/kyle-kuzma,Depth Chart
Milwaukee Bucks,mil,Pat Connaughton,SF,5th,,https://www.espn.com/nba/player/_/id/2578239/pat-connaughton,Depth Chart
Milwaukee Bucks,mil,Giannis Antetokounmpo,PF,Starter,,https://www.espn.com/nba/player/_/id/3032977/giannis-antetokounmpo,Depth Chart
Milwaukee Bucks,mil,Bobby Portis,C,Starter,,https://www.espn.com/nba/player/_/id/3064482/bobby-portis,Depth Chart
Milwaukee Bucks,mil,Brook Lopez,C,2nd,,https://www.espn.com/nba/player/_/id/3448/brook-lopez,Depth Chart
Milwaukee Bucks,mil,Jericho Sims,C,3rd,,https://www.espn.com/nba/player/_/id/4277922/jericho-sims,Depth Chart
Milwaukee Bucks,mil,Chris Livingston,C,5th,,https://www.espn.com/nba/player/_/id/4433622/chris-livingston,Depth Chart
Minnesota Timberwolves,min,Mike Conley,PG,Starter,,https://www.espn.com/nba/player/_/id/3195/mike-conley,Depth Chart
Minnesota Timberwolves,min,Donte DiVincenzo,PG,2nd,,https://www.espn.com/nba/player/_/id/3934673/donte-divincenzo,Depth Chart
Minnesota Timberwolves,min,Rob Dillingham,PG,3rd,,https://www.espn.com/nba/player/_/id/4684275/rob-dillingham,Depth Chart
Minnesota Timberwolves,min,Anthony Edwards,SG,Starter,,https://www.espn.com/nba/player/_/id/4594268/anthony-edwards,Depth Chart
Minnesota Timberwolves,min,Bones Hyland,PG,5th,,https://www.espn.com/nba/player/_/id/4592492/bones-hyland,Depth Chart
Minnesota Timberwolves,min,Nickeil Alexander-Walker,SG,2nd,,https://www.espn.com/nba/player/_/id/4278039/nickeil-alexander-walker,Depth Chart
Minnesota Timberwolves,min,Terrence Shannon Jr.,SF,2nd,,https://www.espn.com/nba/player/_/id/4432847/terrence-shannon-jr,Depth Chart
Minnesota Timberwolves,min,Jaylen Clark,SF,3rd,,https://www.espn.com/nba/player/_/id/4432247/jaylen-clark,Depth Chart
Minnesota Timberwolves,min,Jaden McDaniels,SF,Starter,,https://www.espn.com/nba/player/_/id/4431671/jaden-mcdaniels,Depth Chart
Minnesota Timberwolves,min,Julius Randle,PF,Starter,,https://www.espn.com/nba/player/_/id/3064514/julius-randle,Depth Chart
Minnesota Timberwolves,min,Naz Reid,PF,2nd,,https://www.espn.com/nba/player/_/id/4396971/naz-reid,Depth Chart
Minnesota Timberwolves,min,Joe Ingles,PF,4th,,https://www.espn.com/nba/player/_/id/2968436/joe-ingles,Depth Chart
Minnesota Timberwolves,min,Leonard Miller,PF,5th,,https://www.espn.com/nba/player/_/id/5044385/leonard-miller,Depth Chart
Minnesota Timberwolves,min,Rudy Gobert,C,Starter,,https://www.espn.com/nba/player/_/id/3032976/rudy-gobert,Depth Chart
Minnesota Timberwolves,min,Luka Garza,C,3rd,,https://www.espn.com/nba/player/_/id/4277951/luka-garza,Depth Chart
New Orleans Pelicans,no,Jose Alvarado,PG,Starter,,https://www.espn.com/nba/player/_/id/4277869/jose-alvarado,Depth Chart
New Orleans Pelicans,no,Elfrid Payton,PG,2nd,,https://www.espn.com/nba/player/_/id/2583639/elfrid-payton,Depth Chart
New Orleans Pelicans,no,Jordan Hawkins,SG,Starter,O,https://www.espn.com/nba/player/_/id/4683750/jordan-hawkins,Depth Chart
New Orleans Pelicans,no,Antonio Reeves,SG,2nd,,https://www.espn.com/nba/player/_/id/4592686/antonio-reeves,Depth Chart
New Orleans Pelicans,no,Bruce Brown,SF,Starter,O,https://www.espn.com/nba/player/_/id/4065670/bruce-brown,Depth Chart
New Orleans Pelicans,no,Lester Quinones,SG,3rd,,https://www.espn.com/nba/player/_/id/4431720/lester-quinones,Depth Chart
New Orleans Pelicans,no,Jamal Cain,SF,3rd,,https://www.espn.com/nba/player/_/id/4278572/jamal-cain,Depth Chart
New Orleans Pelicans,no,Keion Brooks Jr.,SF,2nd,,https://www.espn.com/nba/player/_/id/4431689/keion-brooks-jr,Depth Chart
New Orleans Pelicans,no,Kelly Olynyk,PF,Starter,O,https://www.espn.com/nba/player/_/id/2489663/kelly-olynyk,Depth Chart
New Orleans Pelicans,no,Jeremiah Robinson-Earl,PF,2nd,,https://www.espn.com/nba/player/_/id/4432813/jeremiah-robinson-earl,Depth Chart
New Orleans Pelicans,no,Karlo Matkovic,C,2nd,O,https://www.espn.com/nba/player/_/id/4997538/karlo-matkovic,Depth Chart
New Orleans Pelicans,no,Brandon Boston,PF,5th,O,https://www.espn.com/nba/player/_/id/4432162/brandon-boston,Depth Chart
New Orleans Pelicans,no,Yves Missi,C,Starter,O,https://www.espn.com/nba/player/_/id/5061589/yves-missi,Depth Chart
New Orleans Pelicans,no,Kylor Kelley,C,4th,,https://www.espn.com/nba/player/_/id/3950760/kylor-kelley,Depth Chart
New York Knicks,ny,Jalen Brunson,PG,Starter,,https://www.espn.com/nba/player/_/id/3934672/jalen-brunson,Depth Chart
New York Knicks,ny,Delon Wright,PG,2nd,,https://www.espn.com/nba/player/_/id/3064447/delon-wright,Depth Chart
New York Knicks,ny,Miles McBride,SG,2nd,,https://www.espn.com/nba/player/_/id/4431823/miles-mcbride,Depth Chart
New York Knicks,ny,Cameron Payne,PG,4th,,https://www.espn.com/nba/player/_/id/3064230/cameron-payne,Depth Chart
New York Knicks,ny,Tyler Kolek,PG,5th,,https://www.espn.com/nba/player/_/id/4433225/tyler-kolek,Depth Chart
New York Knicks,ny,Mikal Bridges,SG,Starter,,https://www.espn.com/nba/player/_/id/3147657/mikal-bridges,Depth Chart
New York Knicks,ny,Landry Shamet,SF,2nd,,https://www.espn.com/nba/player/_/id/3914044/landry-shamet,Depth Chart
New York Knicks,ny,Pacome Dadiet,SG,5th,,https://www.espn.com/nba/player/_/id/5211983/pacome-dadiet,Depth Chart
New York Knicks,ny,Josh Hart,SF,Starter,,https://www.espn.com/nba/player/_/id/3062679/josh-hart,Depth Chart
New York Knicks,ny,OG Anunoby,PF,Starter,,https://www.espn.com/nba/player/_/id/3934719/og-anunoby,Depth Chart
New York Knicks,ny,Karl-Anthony Towns,C,Starter,,https://www.espn.com/nba/player/_/id/3136195/karl-anthony-towns,Depth Chart
New York Knicks,ny,Precious Achiuwa,C,3rd,,https://www.espn.com/nba/player/_/id/4431679/precious-achiuwa,Depth Chart
New York Knicks,ny,Mitchell Robinson,C,2nd,,https://www.espn.com/nba/player/_/id/4351852/mitchell-robinson,Depth Chart
New York Knicks,ny,Ariel Hukporti,C,4th,,https://www.espn.com/nba/player/_/id/4871141/ariel-hukporti,Depth Chart
New York Knicks,ny,P.J. Tucker,C,5th,,https://www.espn.com/nba/player/_/id/3033/pj-tucker,Depth Chart
Oklahoma City Thunder,okc,Shai Gilgeous-Alexander,PG,Starter,,https://www.espn.com/nba/player/_/id/4278073/shai-gilgeous-alexander,Depth Chart
Oklahoma City Thunder,okc,Cason Wallace,PG,2nd,,https://www.espn.com/nba/player/_/id/4683692/cason-wallace,Depth Chart
Oklahoma City Thunder,okc,Ajay Mitchell,PG,3rd,,https://www.espn.com/nba/player/_/id/4900671/ajay-mitchell,Depth Chart
Oklahoma City Thunder,okc,Alex Caruso,SG,2nd,,https://www.espn.com/nba/player/_/id/2991350/alex-caruso,Depth Chart
Oklahoma City Thunder,okc,Nikola Topic,PG,5th,O,https://www.espn.com/nba/player/_/id/5159925/nikola-topic,Depth Chart
Oklahoma City Thunder,okc,Luguentz Dort,SG,Starter,,https://www.espn.com/nba/player/_/id/4397020/luguentz-dort,Depth Chart
Oklahoma City Thunder,okc,Isaiah Joe,SF,2nd,,https://www.espn.com/nba/player/_/id/4395702/isaiah-joe,Depth Chart
Oklahoma City Thunder,okc,Aaron Wiggins,PF,2nd,,https://www.espn.com/nba/player/_/id/4397183/aaron-wiggins,Depth Chart
Oklahoma City Thunder,okc,Jalen Williams,SF,Starter,,https://www.espn.com/nba/player/_/id/4593803/jalen-williams,Depth Chart
Oklahoma City Thunder,okc,Chet Holmgren,PF,Starter,,https://www.espn.com/nba/player/_/id/4433255/chet-holmgren,Depth Chart
Oklahoma City Thunder,okc,Kenrich Williams,PF,3rd,,https://www.espn.com/nba/player/_/id/3133626/kenrich-williams,Depth Chart
Oklahoma City Thunder,okc,Dillon Jones,PF,5th,,https://www.espn.com/nba/player/_/id/4702159/dillon-jones,Depth Chart
Oklahoma City Thunder,okc,Isaiah Hartenstein,C,Starter,,https://www.espn.com/nba/player/_/id/4222252/isaiah-hartenstein,Depth Chart
Oklahoma City Thunder,okc,Jaylin Williams,C,4th,,https://www.espn.com/nba/player/_/id/4432823/jaylin-williams,Depth Chart
Oklahoma City Thunder,okc,Ousmane Dieng,C,5th,,https://www.espn.com/nba/player/_/id/4997526/ousmane-dieng,Depth Chart
Orlando Magic,orl,Desmond Bane,PG,Starter,,https://www.espn.com/nba/player/_/id/4066320/desmond-bane,Depth Chart
Orlando Magic,orl,Anthony Black,PG,2nd,,https://www.espn.com/nba/player/_/id/4712849/anthony-black,Depth Chart
Orlando Magic,orl,Trevelin Queen,PG,3rd,,https://www.espn.com/nba/player/_/id/4409222/trevelin-queen,Depth Chart
Orlando Magic,orl,Mac McClung,PG,4th,,https://www.espn.com/nba/player/_/id/4397071/mac-mcclung,Depth Chart
Orlando Magic,orl,Ethan Thompson,PG,5th,,https://www.espn.com/nba/player/_/id/4278516/ethan-thompson,Depth Chart
Orlando Magic,orl,Jett Howard,SG,2nd,,https://www.espn.com/nba/player/_/id/5105806/jett-howard,Depth Chart
Orlando Magic,orl,Franz Wagner,SF,Starter,,https://www.espn.com/nba/player/_/id/4566434/franz-wagner,Depth Chart
Orlando Magic,orl,Caleb Houstan,PF,2nd,,https://www.espn.com/nba/player/_/id/4433623/caleb-houstan,Depth Chart
Orlando Magic,orl,Tristan da Silva,SF,4th,,https://www.espn.com/nba/player/_/id/4702382/tristan-da-silva,Depth Chart
Orlando Magic,orl,Paolo Banchero,PF,Starter,,https://www.espn.com/nba/player/_/id/4432573/paolo-banchero,Depth Chart
Orlando Magic,orl,Jonathan Isaac,C,2nd,,https://www.espn.com/nba/player/_/id/4065654/jonathan-isaac,Depth Chart
Orlando Magic,orl,Wendell Carter Jr.,C,Starter,,https://www.espn.com/nba/player/_/id/4277847/wendell-carter-jr,Depth Chart
Orlando Magic,orl,Goga Bitadze,C,3rd,,https://www.espn.com/nba/player/_/id/4348700/goga-bitadze,Depth Chart
Orlando Magic,orl,Moritz Wagner,C,4th,O,https://www.espn.com/nba/player/_/id/3150844/moritz-wagner,Depth Chart
Philadelphia 76ers,phi,Jared Butler,PG,Starter,,https://www.espn.com/nba/player/_/id/4395695/jared-butler,Depth Chart
Philadelphia 76ers,phi,Kyle Lowry,PG,2nd,O,https://www.espn.com/nba/player/_/id/3012/kyle-lowry,Depth Chart
Philadelphia 76ers,phi,Jeff Dowtin Jr.,PG,3rd,,https://www.espn.com/nba/player/_/id/4066786/jeff-dowtin-jr,Depth Chart
Philadelphia 76ers,phi,Quentin Grimes,SG,Starter,,https://www.espn.com/nba/player/_/id/4397014/quentin-grimes,Depth Chart
Philadelphia 76ers,phi,Jalen Hood-Schifino,PG,5th,,https://www.espn.com/nba/player/_/id/4433626/jalen-hood-schifino,Depth Chart
Philadelphia 76ers,phi,Lonnie Walker IV,SG,2nd,,https://www.espn.com/nba/player/_/id/4277890/lonnie-walker-iv,Depth Chart
Philadelphia 76ers,phi,Kelly Oubre Jr.,SF,Starter,O,https://www.espn.com/nba/player/_/id/3133603/kelly-oubre-jr,Depth Chart
Philadelphia 76ers,phi,Justin Edwards,SF,2nd,O,https://www.espn.com/nba/player/_/id/4711297/justin-edwards,Depth Chart
Philadelphia 76ers,phi,Ricky Council IV,PF,2nd,,https://www.espn.com/nba/player/_/id/4701234/ricky-council-iv,Depth Chart
Philadelphia 76ers,phi,Marcus Bagley,PF,3rd,,https://www.espn.com/nba/player/_/id/4433147/marcus-bagley,Depth Chart
Philadelphia 76ers,phi,Guerschon Yabusele,PF,Starter,O,https://www.espn.com/nba/player/_/id/4017844/guerschon-yabusele,Depth Chart
Philadelphia 76ers,phi,Alex Reese,C,4th,,https://www.espn.com/nba/player/_/id/4277812/alex-reese,Depth Chart
Philadelphia 76ers,phi,Adem Bona,C,Starter,,https://www.espn.com/nba/player/_/id/5105637/adem-bona,Depth Chart
Philadelphia 76ers,phi,Isaiah Mobley,C,3rd,,https://www.espn.com/nba/player/_/id/4432815/isaiah-mobley,Depth Chart
Philadelphia 76ers,phi,Andre Drummond,C,5th,O,https://www.espn.com/nba/player/_/id/6585/andre-drummond,Depth Chart
Phoenix Suns,phx,Devin Booker,PG,Starter,O,https://www.espn.com/nba/player/_/id/3136193/devin-booker,Depth Chart
Phoenix Suns,phx,Tyus Jones,PG,2nd,,https://www.espn.com/nba/player/_/id/3135046/tyus-jones,Depth Chart
Phoenix Suns,phx,Collin Gillespie,SG,2nd,,https://www.espn.com/nba/player/_/id/4278585/collin-gillespie,Depth Chart
Phoenix Suns,phx,TyTy Washington Jr.,PG,4th,,https://www.espn.com/nba/player/_/id/4683749/tyty-washington-jr,Depth Chart
Phoenix Suns,phx,Monte Morris,PG,5th,,https://www.espn.com/nba/player/_/id/3059310/monte-morris,Depth Chart
Phoenix Suns,phx,Bradley Beal,SG,Starter,,https://www.espn.com/nba/player/_/id/6580/bradley-beal,Depth Chart
Phoenix Suns,phx,Grayson Allen,SF,Starter,,https://www.espn.com/nba/player/_/id/3135045/grayson-allen,Depth Chart
Phoenix Suns,phx,Cody Martin,SF,2nd,,https://www.espn.com/nba/player/_/id/3138161/cody-martin,Depth Chart
Phoenix Suns,phx,Ryan Dunn,PF,Starter,,https://www.espn.com/nba/player/_/id/4888725/ryan-dunn,Depth Chart
Phoenix Suns,phx,Royce O'Neale,PF,2nd,,https://www.espn.com/nba/player/_/id/2583632/royce-oneale,Depth Chart
Phoenix Suns,phx,Bol Bol,PF,4th,,https://www.espn.com/nba/player/_/id/4397102/bol-bol,Depth Chart
Phoenix Suns,phx,Oso Ighodaro,C,2nd,,https://www.espn.com/nba/player/_/id/4601023/oso-ighodaro,Depth Chart
Phoenix Suns,phx,Nick Richards,C,Starter,O,https://www.espn.com/nba/player/_/id/4278076/nick-richards,Depth Chart
Phoenix Suns,phx,Mason Plumlee,C,3rd,,https://www.espn.com/nba/player/_/id/2488653/mason-plumlee,Depth Chart
Phoenix Suns,phx,Kevin Durant,C,5th,O,https://www.espn.com/nba/player/_/id/3202/kevin-durant,Depth Chart
Portland Trail Blazers,por,Anfernee Simons,PG,Starter,O,https://www.espn.com/nba/player/_/id/4351851/anfernee-simons,Depth Chart
Portland Trail Blazers,por,Scoot Henderson,PG,2nd,O,https://www.espn.com/nba/player/_/id/4683678/scoot-henderson,Depth Chart
Portland Trail Blazers,por,Dalano Banton,PG,3rd,,https://www.espn.com/nba/player/_/id/4397885/dalano-banton,Depth Chart
Portland Trail Blazers,por,Shaedon Sharpe,SG,Starter,O,https://www.espn.com/nba/player/_/id/4914336/shaedon-sharpe,Depth Chart
Portland Trail Blazers,por,Rayan Rupert,PG,5th,,https://www.espn.com/nba/player/_/id/5099752/rayan-rupert,Depth Chart
Portland Trail Blazers,por,Toumani Camara,SF,Starter,,https://www.espn.com/nba/player/_/id/4431736/toumani-camara,Depth Chart
Portland Trail Blazers,por,Matisse Thybulle,SF,2nd,,https://www.espn.com/nba/player/_/id/3907498/matisse-thybulle,Depth Chart
Portland Trail Blazers,por,Kris Murray,PF,2nd,,https://www.espn.com/nba/player/_/id/4594326/kris-murray,Depth Chart
Portland Trail Blazers,por,Deni Avdija,PF,Starter,O,https://www.espn.com/nba/player/_/id/4683021/deni-avdija,Depth Chart
Portland Trail Blazers,por,Jabari Walker,PF,3rd,,https://www.espn.com/nba/player/_/id/4432446/jabari-walker,Depth Chart
Portland Trail Blazers,por,Donovan Clingan,C,Starter,,https://www.espn.com/nba/player/_/id/5105565/donovan-clingan,Depth Chart
Portland Trail Blazers,por,Duop Reath,C,2nd,,https://www.espn.com/nba/player/_/id/4066268/duop-reath,Depth Chart
Portland Trail Blazers,por,Jerami Grant,C,4th,O,https://www.espn.com/nba/player/_/id/2991070/jerami-grant,Depth Chart
Portland Trail Blazers,por,Deandre Ayton,C,5th,O,https://www.espn.com/nba/player/_/id/4278129/deandre-ayton,Depth Chart
Sacramento Kings,sac,Keon Ellis,PG,Starter,,https://www.espn.com/nba/player/_/id/4702177/keon-ellis,Depth Chart
Sacramento Kings,sac,Devin Carter,PG,2nd,,https://www.espn.com/nba/player/_/id/4433188/devin-carter,Depth Chart
Sacramento Kings,sac,Markelle Fultz,PG,3rd,,https://www.espn.com/nba/player/_/id/4066636/markelle-fultz,Depth Chart
Sacramento Kings,sac,Malik Monk,PG,4th,O,https://www.espn.com/nba/player/_/id/4066262/malik-monk,Depth Chart
Sacramento Kings,sac,Zach LaVine,SG,Starter,,https://www.espn.com/nba/player/_/id/3064440/zach-lavine,Depth Chart
Sacramento Kings,sac,Terence Davis,SG,4th,,https://www.espn.com/nba/player/_/id/3919454/terence-davis,Depth Chart
Sacramento Kings,sac,Doug McDermott,SF,3rd,,https://www.espn.com/nba/player/_/id/2528588/doug-mcdermott,Depth Chart
Sacramento Kings,sac,DeMar DeRozan,SF,Starter,,https://www.espn.com/nba/player/_/id/3978/demar-derozan,Depth Chart
Sacramento Kings,sac,Jake LaRavia,SF,2nd,O,https://www.espn.com/nba/player/_/id/4592691/jake-laravia,Depth Chart
Sacramento Kings,sac,Keegan Murray,PF,Starter,,https://www.espn.com/nba/player/_/id/4594327/keegan-murray,Depth Chart
Sacramento Kings,sac,Trey Lyles,PF,2nd,,https://www.espn.com/nba/player/_/id/3136196/trey-lyles,Depth Chart
Sacramento Kings,sac,Isaac Jones,PF,4th,,https://www.espn.com/nba/player/_/id/5107818/isaac-jones,Depth Chart
Sacramento Kings,sac,Domantas Sabonis,C,Starter,,https://www.espn.com/nba/player/_/id/3155942/domantas-sabonis,Depth Chart
Sacramento Kings,sac,Jonas Valanciunas,C,2nd,,https://www.espn.com/nba/player/_/id/6477/jonas-valanciunas,Depth Chart
Sacramento Kings,sac,Jae Crowder,C,5th,,https://www.espn.com/nba/player/_/id/6581/jae-crowder,Depth Chart
San Antonio Spurs,sa,Chris Paul,PG,Starter,,https://www.espn.com/nba/player/_/id/2779/chris-paul,Depth Chart
San Antonio Spurs,sa,Blake Wesley,PG,2nd,,https://www.espn.com/nba/player/_/id/4683935/blake-wesley,Depth Chart
San Antonio Spurs,sa,Stephon Castle,SG,Starter,,https://www.espn.com/nba/player/_/id/4845367/stephon-castle,Depth Chart
San Antonio Spurs,sa,Jordan McLaughlin,PG,4th,,https://www.espn.com/nba/player/_/id/3134916/jordan-mclaughlin,Depth Chart
San Antonio Spurs,sa,Malaki Branham,SG,4th,,https://www.espn.com/nba/player/_/id/4565201/malaki-branham,Depth Chart
San Antonio Spurs,sa,Julian Champagnie,SG,2nd,,https://www.espn.com/nba/player/_/id/4592479/julian-champagnie,Depth Chart
San Antonio Spurs,sa,Devin Vassell,SF,Starter,O,https://www.espn.com/nba/player/_/id/4395630/devin-vassell,Depth Chart
San Antonio Spurs,sa,Keldon Johnson,SF,2nd,,https://www.espn.com/nba/player/_/id/4395723/keldon-johnson,Depth Chart
San Antonio Spurs,sa,Harrison Barnes,PF,Starter,,https://www.espn.com/nba/player/_/id/6578/harrison-barnes,Depth Chart
San Antonio Spurs,sa,Sandro Mamukelashvili,PF,2nd,,https://www.espn.com/nba/player/_/id/4278580/sandro-mamukelashvili,Depth Chart
San Antonio Spurs,sa,Jeremy Sochan,C,Starter,O,https://www.espn.com/nba/player/_/id/4610139/jeremy-sochan,Depth Chart
San Antonio Spurs,sa,Bismack Biyombo,C,2nd,,https://www.espn.com/nba/player/_/id/6427/bismack-biyombo,Depth Chart
San Antonio Spurs,sa,Charles Bassey,C,3rd,,https://www.espn.com/nba/player/_/id/4397886/charles-bassey,Depth Chart
San Antonio Spurs,sa,Victor Wembanyama,C,5th,O,https://www.espn.com/nba/player/_/id/5104157/victor-wembanyama,Depth Chart
Toronto Raptors,tor,Immanuel Quickley,PG,Starter,,https://www.espn.com/nba/player/_/id/4395724/immanuel-quickley,Depth Chart
Toronto Raptors,tor,Jamal Shead,PG,2nd,,https://www.espn.com/nba/player/_/id/4432241/jamal-shead,Depth Chart
Toronto Raptors,tor,Scottie Barnes,PF,Starter,,https://www.espn.com/nba/player/_/id/4433134/scottie-barnes,Depth Chart
Toronto Raptors,tor,RJ Barrett,SF,Starter,,https://www.espn.com/nba/player/_/id/4395625/rj-barrett,Depth Chart
Toronto Raptors,tor,A.J. Lawson,SG,4th,,https://www.espn.com/nba/player/_/id/4067017/aj-lawson,Depth Chart
Toronto Raptors,tor,Ja'Kobe Walter,SG,Starter,O,https://www.espn.com/nba/player/_/id/4684272/jakobe-walter,Depth Chart
Toronto Raptors,tor,Ochai Agbaji,SG,2nd,,https://www.espn.com/nba/player/_/id/4397018/ochai-agbaji,Depth Chart
Toronto Raptors,tor,Jared Rhoden,PF,4th,O,https://www.espn.com/nba/player/_/id/4397119/jared-rhoden,Depth Chart
Toronto Raptors,tor,Jamison Battle,SF,2nd,,https://www.espn.com/nba/player/_/id/4431893/jamison-battle,Depth Chart
Toronto Raptors,tor,Jonathan Mogbo,PF,2nd,,https://www.espn.com/nba/player/_/id/5107897/jonathan-mogbo,Depth Chart
Toronto Raptors,tor,Jakob Poeltl,C,Starter,O,https://www.espn.com/nba/player/_/id/3134908/jakob-poeltl,Depth Chart
Toronto Raptors,tor,Colin Castleton,C,3rd,,https://www.espn.com/nba/player/_/id/4397204/colin-castleton,Depth Chart
Toronto Raptors,tor,Chris Boucher,C,4th,O,https://www.espn.com/nba/player/_/id/3948153/chris-boucher,Depth Chart
Toronto Raptors,tor,Ulrich Chomche,C,5th,O,https://www.espn.com/nba/player/_/id/5211984/ulrich-chomche,Depth Chart
Utah Jazz,utah,Isaiah Collier,PG,Starter,O,https://www.espn.com/nba/player/_/id/4683766/isaiah-collier,Depth Chart
Utah Jazz,utah,Keyonte George,PG,2nd,,https://www.espn.com/nba/player/_/id/4433627/keyonte-george,Depth Chart
Utah Jazz,utah,Elijah Harkless,PG,3rd,O,https://www.espn.com/nba/player/_/id/4397449/elijah-harkless,Depth Chart
Utah Jazz,utah,Collin Sexton,SG,Starter,,https://www.espn.com/nba/player/_/id/4277811/collin-sexton,Depth Chart
Utah Jazz,utah,Jordan Clarkson,PG,5th,O,https://www.espn.com/nba/player/_/id/2528426/jordan-clarkson,Depth Chart
Utah Jazz,utah,Johnny Juzang,SG,2nd,,https://www.espn.com/nba/player/_/id/4432817/johnny-juzang,Depth Chart
Utah Jazz,utah,Jaden Springer,SG,3rd,,https://www.espn.com/nba/player/_/id/4432164/jaden-springer,Depth Chart
Utah Jazz,utah,Svi Mykhailiuk,SF,2nd,,https://www.espn.com/nba/player/_/id/3133602/svi-mykhailiuk,Depth Chart
Utah Jazz,utah,Brice Sensabaugh,SF,Starter,,https://www.espn.com/nba/player/_/id/5105839/brice-sensabaugh,Depth Chart
Utah Jazz,utah,KJ Martin,PF,2nd,O,https://www.espn.com/nba/player/_/id/4431828/kj-martin,Depth Chart
Utah Jazz,utah,Kyle Filipowski,PF,Starter,,https://www.espn.com/nba/player/_/id/4684793/kyle-filipowski,Depth Chart
Utah Jazz,utah,Micah Potter,PF,3rd,,https://www.espn.com/nba/player/_/id/4066399/micah-potter,Depth Chart
Utah Jazz,utah,Lauri Markkanen,PF,5th,O,https://www.espn.com/nba/player/_/id/4066336/lauri-markkanen,Depth Chart
Utah Jazz,utah,Walker Kessler,C,Starter,O,https://www.espn.com/nba/player/_/id/4433136/walker-kessler,Depth Chart
Utah Jazz,utah,Oscar Tshiebwe,C,2nd,,https://www.espn.com/nba/player/_/id/4432827/oscar-tshiebwe,Depth Chart
Utah Jazz,utah,John Collins,C,5th,O,https://www.espn.com/nba/player/_/id/3908845/john-collins,Depth Chart
Washington Wizards,wsh,Bub Carrington,PG,Starter,,https://www.espn.com/nba/player/_/id/4845374/bub-carrington,Depth Chart
Washington Wizards,wsh,Marcus Smart,PG,2nd,,https://www.espn.com/nba/player/_/id/2990992/marcus-smart,Depth Chart
Washington Wizards,wsh,Jordan Poole,SG,Starter,O,https://www.espn.com/nba/player/_/id/4277956/jordan-poole,Depth Chart
Washington Wizards,wsh,AJ Johnson,SG,2nd,,https://www.espn.com/nba/player/_/id/5170947/aj-johnson,Depth Chart
Washington Wizards,wsh,Malcolm Brogdon,PG,5th,O,https://www.espn.com/nba/player/_/id/2566769/malcolm-brogdon,Depth Chart
Washington Wizards,wsh,Colby Jones,SF,2nd,,https://www.espn.com/nba/player/_/id/4433378/colby-jones,Depth Chart
Washington Wizards,wsh,Justin Champagnie,SF,Starter,,https://www.espn.com/nba/player/_/id/4432907/justin-champagnie,Depth Chart
Washington Wizards,wsh,Kyshawn George,PF,Starter,,https://www.espn.com/nba/player/_/id/5174563/kyshawn-george,Depth Chart
Washington Wizards,wsh,JT Thor,PF,3rd,O,https://www.espn.com/nba/player/_/id/4702233/jt-thor,Depth Chart
Washington Wizards,wsh,Anthony Gill,PF,2nd,O,https://www.espn.com/nba/player/_/id/2581184/anthony-gill,Depth Chart
Washington Wizards,wsh,Tristan Vukcevic,C,2nd,,https://www.espn.com/nba/player/_/id/4997537/tristan-vukcevic,Depth Chart
Washington Wizards,wsh,Alex Sarr,C,Starter,,https://www.espn.com/nba/player/_/id/5160992/alex-sarr,Depth Chart
Washington Wizards,wsh,Richaun Holmes,C,3rd,O,https://www.espn.com/nba/player/_/id/2993370/richaun-holmes,Depth Chart
